participant_id,sequence_end_day,predicted_menstrual_onset_14d,menstrual_forecast_component,hormonal_monitoring_component,physiological_monitoring_component,lifestyle_wellness_component,ARHI_research_monitoring_index,ARHI_descriptive_band,recommendation_category,recommendation_text,ARHI_interpretation,forecast_interpretation,clinical_use
DEMO_01,1,0,48.0442,50.0,50.0,50.0,49.3155,Moderate-High,Continue monitoring,Synthetic demo output: no predicted onset within 14 days. Continue routine monitoring.,Synthetic public-demo ARHI value for research dashboard demonstration only; not a clinical score.,Synthetic demonstration of continued monitoring without a predicted onset within 14 days.,Not supported
DEMO_01,2,1,65.8618,50.0,50.0,50.0,55.5516,Moderate-High,Routine cycle preparation,Synthetic demo output: possible menstrual onset within 14 days. Continue routine cycle tracking.,Synthetic public-demo ARHI value for research dashboard demonstration only; not a clinical score.,Synthetic demonstration of a possible menstrual onset within 14 days.,Not supported
DEMO_01,3,1,70.0599,50.0,50.0,50.0,57.021,Moderate-High,Routine cycle preparation,Synthetic demo output: possible menstrual onset within 14 days. Continue routine cycle tracking.,Synthetic public-demo ARHI value for research dashboard demonstration only; not a clinical score.,Synthetic demonstration of a possible menstrual onset within 14 days.,Not supported
DEMO_01,4,0,48.4927,50.0,50.0,50.0,49.4724,Moderate-High,Continue monitoring,Synthetic demo output: no predicted onset within 14 days. Continue routine monitoring.,Synthetic public-demo ARHI value for research dashboard demonstration only; not a clinical score.,Synthetic demonstration of continued monitoring without a predicted onset within 14 days.,Not supported
DEMO_01,5,1,53.9652,50.0,50.0,50.0,51.3878,Moderate-High,Routine cycle preparation,Synthetic demo output: possible menstrual onset within 14 days. Continue routine cycle tracking.,Synthetic public-demo ARHI value for research dashboard demonstration only; not a clinical score.,Synthetic demonstration of a possible menstrual onset within 14 days.,Not supported
DEMO_01,6,1,64.372,50.0,50.0,50.0,55.0302,Moderate-High,Routine cycle preparation,Synthetic demo output: possible menstrual onset within 14 days. Continue routine cycle tracking.,Synthetic public-demo ARHI value for research dashboard demonstration only; not a clinical score.,Synthetic demonstration of a possible menstrual onset within 14 days.,Not supported
DEMO_01,7,1,58.5848,50.0,50.0,50.0,53.0047,Moderate-High,Routine cycle preparation,Synthetic demo output: possible menstrual onset within 14 days. Continue routine cycle tracking.,Synthetic public-demo ARHI value for research dashboard demonstration only; not a clinical score.,Synthetic demonstration of a possible menstrual onset within 14 days.,Not supported
DEMO_01,8,1,57.7906,50.0,50.0,50.0,52.7267,Moderate-High,Routine cycle preparation,Synthetic demo output: possible menstrual onset within 14 days. Continue routine cycle tracking.,Synthetic public-demo ARHI value for research dashboard demonstration only; not a clinical score.,Synthetic demonstration of a possible menstrual onset within 14 days.,Not supported
DEMO_01,9,0,47.3068,50.0,50.0,50.0,49.0574,Moderate-High,Continue monitoring,Synthetic demo output: no predicted onset within 14 days. Continue routine monitoring.,Synthetic public-demo ARHI value for research dashboard demonstration only; not a clinical score.,Synthetic demonstration of continued monitoring without a predicted onset within 14 days.,Not supported
DEMO_01,10,1,57.1861,50.0,50.0,50.0,52.5151,Moderate-High,Routine cycle preparation,Synthetic demo output: possible menstrual onset within 14 days. Continue routine cycle tracking.,Synthetic public-demo ARHI value for research dashboard demonstration only; not a clinical score.,Synthetic demonstration of a possible menstrual onset within 14 days.,Not supported
DEMO_01,11,1,52.6447,50.0,50.0,50.0,50.9257,Moderate-High,Routine cycle preparation,Synthetic demo output: possible menstrual onset within 14 days. Continue routine cycle tracking.,Synthetic public-demo ARHI value for research dashboard demonstration only; not a clinical score.,Synthetic demonstration of a possible menstrual onset within 14 days.,Not supported
DEMO_01,12,0,43.8844,50.0,50.0,50.0,47.8595,Moderate-High,Continue monitoring,Synthetic demo output: no predicted onset within 14 days. Continue routine monitoring.,Synthetic public-demo ARHI value for research dashboard demonstration only; not a clinical score.,Synthetic demonstration of continued monitoring without a predicted onset within 14 days.,Not supported
DEMO_01,13,1,50.3075,50.0,50.0,50.0,50.1076,Moderate-High,Routine cycle preparation,Synthetic demo output: possible menstrual onset within 14 days. Continue routine cycle tracking.,Synthetic public-demo ARHI value for research dashboard demonstration only; not a clinical score.,Synthetic demonstration of a possible menstrual onset within 14 days.,Not supported
DEMO_01,14,0,44.1904,50.0,50.0,50.0,47.9666,Moderate-High,Continue monitoring,Synthetic demo output: no predicted onset within 14 days. Continue routine monitoring.,Synthetic public-demo ARHI value for research dashboard demonstration only; not a clinical score.,Synthetic demonstration of continued monitoring without a predicted onset within 14 days.,Not supported
DEMO_01,15,0,34.0563,50.0,50.0,50.0,44.4197,Moderate-Low,Continue monitoring,Synthetic demo output: no predicted onset within 14 days. Continue routine monitoring.,Synthetic public-demo ARHI value for research dashboard demonstration only; not a clinical score.,Synthetic demonstration of continued monitoring without a predicted onset within 14 days.,Not supported
DEMO_01,16,0,45.6278,50.0,50.0,50.0,48.4697,Moderate-High,Continue monitoring,Synthetic demo output: no predicted onset within 14 days. Continue routine monitoring.,Synthetic public-demo ARHI value for research dashboard demonstration only; not a clinical score.,Synthetic demonstration of continued monitoring without a predicted onset within 14 days.,Not supported
DEMO_01,17,0,37.8283,50.0,50.0,50.0,45.7399,Moderate-High,Continue monitoring,Synthetic demo output: no predicted onset within 14 days. Continue routine monitoring.,Synthetic public-demo ARHI value for research dashboard demonstration only; not a clinical score.,Synthetic demonstration of continued monitoring without a predicted onset within 14 days.,Not supported
DEMO_01,18,1,56.1124,50.0,50.0,50.0,52.1393,Moderate-High,Routine cycle preparation,Synthetic demo output: possible menstrual onset within 14 days. Continue routine cycle tracking.,Synthetic public-demo ARHI value for research dashboard demonstration only; not a clinical score.,Synthetic demonstration of a possible menstrual onset within 14 days.,Not supported
DEMO_01,19,1,52.6399,50.0,50.0,50.0,50.9239,Moderate-High,Routine cycle preparation,Synthetic demo output: possible menstrual onset within 14 days. Continue routine cycle tracking.,Synthetic public-demo ARHI value for research dashboard demonstration only; not a clinical score.,Synthetic demonstration of a possible menstrual onset within 14 days.,Not supported
DEMO_01,20,1,55.4487,50.0,50.0,50.0,51.907,Moderate-High,Routine cycle preparation,Synthetic demo output: possible menstrual onset within 14 days. Continue routine cycle tracking.,Synthetic public-demo ARHI value for research dashboard demonstration only; not a clinical score.,Synthetic demonstration of a possible menstrual onset within 14 days.,Not supported
DEMO_02,1,1,58.2592,50.0,50.0,50.0,52.8907,Moderate-High,Routine cycle preparation,Synthetic demo output: possible menstrual onset within 14 days. Continue routine cycle tracking.,Synthetic public-demo ARHI value for research dashboard demonstration only; not a clinical score.,Synthetic demonstration of a possible menstrual onset within 14 days.,Not supported
DEMO_02,2,1,50.7368,50.0,50.0,50.0,50.2579,Moderate-High,Routine cycle preparation,Synthetic demo output: possible menstrual onset within 14 days. Continue routine cycle tracking.,Synthetic public-demo ARHI value for research dashboard demonstration only; not a clinical score.,Synthetic demonstration of a possible menstrual onset within 14 days.,Not supported
DEMO_02,3,1,51.2236,50.0,50.0,50.0,50.4283,Moderate-High,Routine cycle preparation,Synthetic demo output: possible menstrual onset within 14 days. Continue routine cycle tracking.,Synthetic public-demo ARHI value for research dashboard demonstration only; not a clinical score.,Synthetic demonstration of a possible menstrual onset within 14 days.,Not supported
DEMO_02,4,1,53.3988,50.0,50.0,50.0,51.1896,Moderate-High,Routine cycle preparation,Synthetic demo output: possible menstrual onset within 14 days. Continue routine cycle tracking.,Synthetic public-demo ARHI value for research dashboard demonstration only; not a clinical score.,Synthetic demonstration of a possible menstrual onset within 14 days.,Not supported
DEMO_02,5,1,60.7559,50.0,50.0,50.0,53.7646,Moderate-High,Routine cycle preparation,Synthetic demo output: possible menstrual onset within 14 days. Continue routine cycle tracking.,Synthetic public-demo ARHI value for research dashboard demonstration only; not a clinical score.,Synthetic demonstration of a possible menstrual onset within 14 days.,Not supported
DEMO_02,6,1,58.3877,50.0,50.0,50.0,52.9357,Moderate-High,Routine cycle preparation,Synthetic demo output: possible menstrual onset within 14 days. Continue routine cycle tracking.,Synthetic public-demo ARHI value for research dashboard demonstration only; not a clinical score.,Synthetic demonstration of a possible menstrual onset within 14 days.,Not supported
DEMO_02,7,1,56.5315,50.0,50.0,50.0,52.286,Moderate-High,Routine cycle preparation,Synthetic demo output: possible menstrual onset within 14 days. Continue routine cycle tracking.,Synthetic public-demo ARHI value for research dashboard demonstration only; not a clinical score.,Synthetic demonstration of a possible menstrual onset within 14 days.,Not supported
DEMO_02,8,1,53.4864,50.0,50.0,50.0,51.2202,Moderate-High,Routine cycle preparation,Synthetic demo output: possible menstrual onset within 14 days. Continue routine cycle tracking.,Synthetic public-demo ARHI value for research dashboard demonstration only; not a clinical score.,Synthetic demonstration of a possible menstrual onset within 14 days.,Not supported
DEMO_02,9,1,63.3792,50.0,50.0,50.0,54.6827,Moderate-High,Routine cycle preparation,Synthetic demo output: possible menstrual onset within 14 days. Continue routine cycle tracking.,Synthetic public-demo ARHI value for research dashboard demonstration only; not a clinical score.,Synthetic demonstration of a possible menstrual onset within 14 days.,Not supported
DEMO_02,10,0,39.0144,50.0,50.0,50.0,46.155,Moderate-High,Continue monitoring,Synthetic demo output: no predicted onset within 14 days. Continue routine monitoring.,Synthetic public-demo ARHI value for research dashboard demonstration only; not a clinical score.,Synthetic demonstration of continued monitoring without a predicted onset within 14 days.,Not supported
DEMO_02,11,0,34.4393,50.0,50.0,50.0,44.5538,Moderate-Low,Continue monitoring,Synthetic demo output: no predicted onset within 14 days. Continue routine monitoring.,Synthetic public-demo ARHI value for research dashboard demonstration only; not a clinical score.,Synthetic demonstration of continued monitoring without a predicted onset within 14 days.,Not supported
DEMO_02,12,0,28.9608,50.0,50.0,50.0,42.6363,Moderate-Low,Continue monitoring,Synthetic demo output: no predicted onset within 14 days. Continue routine monitoring.,Synthetic public-demo ARHI value for research dashboard demonstration only; not a clinical score.,Synthetic demonstration of continued monitoring without a predicted onset within 14 days.,Not supported
DEMO_02,13,0,38.3322,50.0,50.0,50.0,45.9163,Moderate-High,Continue monitoring,Synthetic demo output: no predicted onset within 14 days. Continue routine monitoring.,Synthetic public-demo ARHI value for research dashboard demonstration only; not a clinical score.,Synthetic demonstration of continued monitoring without a predicted onset within 14 days.,Not supported
DEMO_02,14,0,41.5969,50.0,50.0,50.0,47.0589,Moderate-High,Continue monitoring,Synthetic demo output: no predicted onset within 14 days. Continue routine monitoring.,Synthetic public-demo ARHI value for research dashboard demonstration only; not a clinical score.,Synthetic demonstration of continued monitoring without a predicted onset within 14 days.,Not supported
DEMO_02,15,0,32.1339,50.0,50.0,50.0,43.7469,Moderate-Low,Continue monitoring,Synthetic demo output: no predicted onset within 14 days. Continue routine monitoring.,Synthetic public-demo ARHI value for research dashboard demonstration only; not a clinical score.,Synthetic demonstration of continued monitoring without a predicted onset within 14 days.,Not supported
DEMO_02,16,0,28.0714,50.0,50.0,50.0,42.325,Moderate-Low,Continue monitoring,Synthetic demo output: no predicted onset within 14 days. Continue routine monitoring.,Synthetic public-demo ARHI value for research dashboard demonstration only; not a clinical score.,Synthetic demonstration of continued monitoring without a predicted onset within 14 days.,Not supported
DEMO_02,17,0,31.0183,50.0,50.0,50.0,43.3564,Moderate-Low,Continue monitoring,Synthetic demo output: no predicted onset within 14 days. Continue routine monitoring.,Synthetic public-demo ARHI value for research dashboard demonstration only; not a clinical score.,Synthetic demonstration of continued monitoring without a predicted onset within 14 days.,Not supported
DEMO_02,18,0,46.4043,50.0,50.0,50.0,48.7415,Moderate-High,Continue monitoring,Synthetic demo output: no predicted onset within 14 days. Continue routine monitoring.,Synthetic public-demo ARHI value for research dashboard demonstration only; not a clinical score.,Synthetic demonstration of continued monitoring without a predicted onset within 14 days.,Not supported
DEMO_02,19,1,51.1001,50.0,50.0,50.0,50.385,Moderate-High,Routine cycle preparation,Synthetic demo output: possible menstrual onset within 14 days. Continue routine cycle tracking.,Synthetic public-demo ARHI value for research dashboard demonstration only; not a clinical score.,Synthetic demonstration of a possible menstrual onset within 14 days.,Not supported
DEMO_02,20,1,53.3876,50.0,50.0,50.0,51.1857,Moderate-High,Routine cycle preparation,Synthetic demo output: possible menstrual onset within 14 days. Continue routine cycle tracking.,Synthetic public-demo ARHI value for research dashboard demonstration only; not a clinical score.,Synthetic demonstration of a possible menstrual onset within 14 days.,Not supported
DEMO_03,1,1,50.4595,50.0,50.0,50.0,50.1608,Moderate-High,Routine cycle preparation,Synthetic demo output: possible menstrual onset within 14 days. Continue routine cycle tracking.,Synthetic public-demo ARHI value for research dashboard demonstration only; not a clinical score.,Synthetic demonstration of a possible menstrual onset within 14 days.,Not supported
DEMO_03,2,1,53.0298,50.0,50.0,50.0,51.0604,Moderate-High,Routine cycle preparation,Synthetic demo output: possible menstrual onset within 14 days. Continue routine cycle tracking.,Synthetic public-demo ARHI value for research dashboard demonstration only; not a clinical score.,Synthetic demonstration of a possible menstrual onset within 14 days.,Not supported
DEMO_03,3,1,56.5231,50.0,50.0,50.0,52.2831,Moderate-High,Routine cycle preparation,Synthetic demo output: possible menstrual onset within 14 days. Continue routine cycle tracking.,Synthetic public-demo ARHI value for research dashboard demonstration only; not a clinical score.,Synthetic demonstration of a possible menstrual onset within 14 days.,Not supported
DEMO_03,4,1,63.3106,50.0,50.0,50.0,54.6587,Moderate-High,Routine cycle preparation,Synthetic demo output: possible menstrual onset within 14 days. Continue routine cycle tracking.,Synthetic public-demo ARHI value for research dashboard demonstration only; not a clinical score.,Synthetic demonstration of a possible menstrual onset within 14 days.,Not supported
DEMO_03,5,1,58.4096,50.0,50.0,50.0,52.9434,Moderate-High,Routine cycle preparation,Synthetic demo output: possible menstrual onset within 14 days. Continue routine cycle tracking.,Synthetic public-demo ARHI value for research dashboard demonstration only; not a clinical score.,Synthetic demonstration of a possible menstrual onset within 14 days.,Not supported
DEMO_03,6,1,61.0188,50.0,50.0,50.0,53.8566,Moderate-High,Routine cycle preparation,Synthetic demo output: possible menstrual onset within 14 days. Continue routine cycle tracking.,Synthetic public-demo ARHI value for research dashboard demonstration only; not a clinical score.,Synthetic demonstration of a possible menstrual onset within 14 days.,Not supported
DEMO_03,7,1,53.8936,50.0,50.0,50.0,51.3628,Moderate-High,Routine cycle preparation,Synthetic demo output: possible menstrual onset within 14 days. Continue routine cycle tracking.,Synthetic public-demo ARHI value for research dashboard demonstration only; not a clinical score.,Synthetic demonstration of a possible menstrual onset within 14 days.,Not supported
DEMO_03,8,1,52.4761,50.0,50.0,50.0,50.8667,Moderate-High,Routine cycle preparation,Synthetic demo output: possible menstrual onset within 14 days. Continue routine cycle tracking.,Synthetic public-demo ARHI value for research dashboard demonstration only; not a clinical score.,Synthetic demonstration of a possible menstrual onset within 14 days.,Not supported
DEMO_03,9,1,51.4197,50.0,50.0,50.0,50.4969,Moderate-High,Routine cycle preparation,Synthetic demo output: possible menstrual onset within 14 days. Continue routine cycle tracking.,Synthetic public-demo ARHI value for research dashboard demonstration only; not a clinical score.,Synthetic demonstration of a possible menstrual onset within 14 days.,Not supported
DEMO_03,10,0,30.7319,50.0,50.0,50.0,43.2562,Moderate-Low,Continue monitoring,Synthetic demo output: no predicted onset within 14 days. Continue routine monitoring.,Synthetic public-demo ARHI value for research dashboard demonstration only; not a clinical score.,Synthetic demonstration of continued monitoring without a predicted onset within 14 days.,Not supported
DEMO_03,11,0,36.1032,50.0,50.0,50.0,45.1361,Moderate-High,Continue monitoring,Synthetic demo output: no predicted onset within 14 days. Continue routine monitoring.,Synthetic public-demo ARHI value for research dashboard demonstration only; not a clinical score.,Synthetic demonstration of continued monitoring without a predicted onset within 14 days.,Not supported
DEMO_03,12,0,31.8313,50.0,50.0,50.0,43.641,Moderate-Low,Continue monitoring,Synthetic demo output: no predicted onset within 14 days. Continue routine monitoring.,Synthetic public-demo ARHI value for research dashboard demonstration only; not a clinical score.,Synthetic demonstration of continued monitoring without a predicted onset within 14 days.,Not supported
DEMO_03,13,0,28.4167,50.0,50.0,50.0,42.4459,Moderate-Low,Continue monitoring,Synthetic demo output: no predicted onset within 14 days. Continue routine monitoring.,Synthetic public-demo ARHI value for research dashboard demonstration only; not a clinical score.,Synthetic demonstration of continued monitoring without a predicted onset within 14 days.,Not supported
DEMO_03,14,0,30.4873,50.0,50.0,50.0,43.1706,Moderate-Low,Continue monitoring,Synthetic demo output: no predicted onset within 14 days. Continue routine monitoring.,Synthetic public-demo ARHI value for research dashboard demonstration only; not a clinical score.,Synthetic demonstration of continued monitoring without a predicted onset within 14 days.,Not supported
DEMO_03,15,0,45.1284,50.0,50.0,50.0,48.2949,Moderate-High,Continue monitoring,Synthetic demo output: no predicted onset within 14 days. Continue routine monitoring.,Synthetic public-demo ARHI value for research dashboard demonstration only; not a clinical score.,Synthetic demonstration of continued monitoring without a predicted onset within 14 days.,Not supported
DEMO_03,16,0,27.9893,50.0,50.0,50.0,42.2963,Moderate-Low,Continue monitoring,Synthetic demo output: no predicted onset within 14 days. Continue routine monitoring.,Synthetic public-demo ARHI value for research dashboard demonstration only; not a clinical score.,Synthetic demonstration of continued monitoring without a predicted onset within 14 days.,Not supported
DEMO_03,17,0,45.4838,50.0,50.0,50.0,48.4193,Moderate-High,Continue monitoring,Synthetic demo output: no predicted onset within 14 days. Continue routine monitoring.,Synthetic public-demo ARHI value for research dashboard demonstration only; not a clinical score.,Synthetic demonstration of continued monitoring without a predicted onset within 14 days.,Not supported
DEMO_03,18,0,27.86,50.0,50.0,50.0,42.251,Moderate-Low,Continue monitoring,Synthetic demo output: no predicted onset within 14 days. Continue routine monitoring.,Synthetic public-demo ARHI value for research dashboard demonstration only; not a clinical score.,Synthetic demonstration of continued monitoring without a predicted onset within 14 days.,Not supported
DEMO_03,19,0,42.5984,50.0,50.0,50.0,47.4094,Moderate-High,Continue monitoring,Synthetic demo output: no predicted onset within 14 days. Continue routine monitoring.,Synthetic public-demo ARHI value for research dashboard demonstration only; not a clinical score.,Synthetic demonstration of continued monitoring without a predicted onset within 14 days.,Not supported
DEMO_03,20,1,50.4678,50.0,50.0,50.0,50.1637,Moderate-High,Routine cycle preparation,Synthetic demo output: possible menstrual onset within 14 days. Continue routine cycle tracking.,Synthetic public-demo ARHI value for research dashboard demonstration only; not a clinical score.,Synthetic demonstration of a possible menstrual onset within 14 days.,Not supported
DEMO_04,1,1,64.3059,50.0,50.0,50.0,55.0071,Moderate-High,Routine cycle preparation,Synthetic demo output: possible menstrual onset within 14 days. Continue routine cycle tracking.,Synthetic public-demo ARHI value for research dashboard demonstration only; not a clinical score.,Synthetic demonstration of a possible menstrual onset within 14 days.,Not supported
DEMO_04,2,1,68.457,50.0,50.0,50.0,56.4599,Moderate-High,Routine cycle preparation,Synthetic demo output: possible menstrual onset within 14 days. Continue routine cycle tracking.,Synthetic public-demo ARHI value for research dashboard demonstration only; not a clinical score.,Synthetic demonstration of a possible menstrual onset within 14 days.,Not supported
DEMO_04,3,1,61.9976,50.0,50.0,50.0,54.1992,Moderate-High,Routine cycle preparation,Synthetic demo output: possible menstrual onset within 14 days. Continue routine cycle tracking.,Synthetic public-demo ARHI value for research dashboard demonstration only; not a clinical score.,Synthetic demonstration of a possible menstrual onset within 14 days.,Not supported
DEMO_04,4,1,62.6542,50.0,50.0,50.0,54.429,Moderate-High,Routine cycle preparation,Synthetic demo output: possible menstrual onset within 14 days. Continue routine cycle tracking.,Synthetic public-demo ARHI value for research dashboard demonstration only; not a clinical score.,Synthetic demonstration of a possible menstrual onset within 14 days.,Not supported
DEMO_04,5,1,73.4985,50.0,50.0,50.0,58.2245,Moderate-High,Routine cycle preparation,Synthetic demo output: possible menstrual onset within 14 days. Continue routine cycle tracking.,Synthetic public-demo ARHI value for research dashboard demonstration only; not a clinical score.,Synthetic demonstration of a possible menstrual onset within 14 days.,Not supported
DEMO_04,6,1,64.0709,50.0,50.0,50.0,54.9248,Moderate-High,Routine cycle preparation,Synthetic demo output: possible menstrual onset within 14 days. Continue routine cycle tracking.,Synthetic public-demo ARHI value for research dashboard demonstration only; not a clinical score.,Synthetic demonstration of a possible menstrual onset within 14 days.,Not supported
DEMO_04,7,1,53.1613,50.0,50.0,50.0,51.1065,Moderate-High,Routine cycle preparation,Synthetic demo output: possible menstrual onset within 14 days. Continue routine cycle tracking.,Synthetic public-demo ARHI value for research dashboard demonstration only; not a clinical score.,Synthetic demonstration of a possible menstrual onset within 14 days.,Not supported
DEMO_04,8,1,51.1108,50.0,50.0,50.0,50.3888,Moderate-High,Routine cycle preparation,Synthetic demo output: possible menstrual onset within 14 days. Continue routine cycle tracking.,Synthetic public-demo ARHI value for research dashboard demonstration only; not a clinical score.,Synthetic demonstration of a possible menstrual onset within 14 days.,Not supported
DEMO_04,9,0,49.0276,50.0,50.0,50.0,49.6597,Moderate-High,Continue monitoring,Synthetic demo output: no predicted onset within 14 days. Continue routine monitoring.,Synthetic public-demo ARHI value for research dashboard demonstration only; not a clinical score.,Synthetic demonstration of continued monitoring without a predicted onset within 14 days.,Not supported
DEMO_04,10,1,56.3802,50.0,50.0,50.0,52.2331,Moderate-High,Routine cycle preparation,Synthetic demo output: possible menstrual onset within 14 days. Continue routine cycle tracking.,Synthetic public-demo ARHI value for research dashboard demonstration only; not a clinical score.,Synthetic demonstration of a possible menstrual onset within 14 days.,Not supported
DEMO_04,11,0,49.8139,50.0,50.0,50.0,49.9349,Moderate-High,Continue monitoring,Synthetic demo output: no predicted onset within 14 days. Continue routine monitoring.,Synthetic public-demo ARHI value for research dashboard demonstration only; not a clinical score.,Synthetic demonstration of continued monitoring without a predicted onset within 14 days.,Not supported
DEMO_04,12,1,51.132,50.0,50.0,50.0,50.3962,Moderate-High,Routine cycle preparation,Synthetic demo output: possible menstrual onset within 14 days. Continue routine cycle tracking.,Synthetic public-demo ARHI value for research dashboard demonstration only; not a clinical score.,Synthetic demonstration of a possible menstrual onset within 14 days.,Not supported
DEMO_04,13,0,40.1236,50.0,50.0,50.0,46.5433,Moderate-High,Continue monitoring,Synthetic demo output: no predicted onset within 14 days. Continue routine monitoring.,Synthetic public-demo ARHI value for research dashboard demonstration only; not a clinical score.,Synthetic demonstration of continued monitoring without a predicted onset within 14 days.,Not supported
DEMO_04,14,0,43.9706,50.0,50.0,50.0,47.8897,Moderate-High,Continue monitoring,Synthetic demo output: no predicted onset within 14 days. Continue routine monitoring.,Synthetic public-demo ARHI value for research dashboard demonstration only; not a clinical score.,Synthetic demonstration of continued monitoring without a predicted onset within 14 days.,Not supported
DEMO_04,15,0,48.1874,50.0,50.0,50.0,49.3656,Moderate-High,Continue monitoring,Synthetic demo output: no predicted onset within 14 days. Continue routine monitoring.,Synthetic public-demo ARHI value for research dashboard demonstration only; not a clinical score.,Synthetic demonstration of continued monitoring without a predicted onset within 14 days.,Not supported
DEMO_04,16,0,42.4551,50.0,50.0,50.0,47.3593,Moderate-High,Continue monitoring,Synthetic demo output: no predicted onset within 14 days. Continue routine monitoring.,Synthetic public-demo ARHI value for research dashboard demonstration only; not a clinical score.,Synthetic demonstration of continued monitoring without a predicted onset within 14 days.,Not supported
DEMO_04,17,1,51.4056,50.0,50.0,50.0,50.492,Moderate-High,Routine cycle preparation,Synthetic demo output: possible menstrual onset within 14 days. Continue routine cycle tracking.,Synthetic public-demo ARHI value for research dashboard demonstration only; not a clinical score.,Synthetic demonstration of a possible menstrual onset within 14 days.,Not supported
DEMO_04,18,0,46.0414,50.0,50.0,50.0,48.6145,Moderate-High,Continue monitoring,Synthetic demo output: no predicted onset within 14 days. Continue routine monitoring.,Synthetic public-demo ARHI value for research dashboard demonstration only; not a clinical score.,Synthetic demonstration of continued monitoring without a predicted onset within 14 days.,Not supported
DEMO_04,19,1,52.3869,50.0,50.0,50.0,50.8354,Moderate-High,Routine cycle preparation,Synthetic demo output: possible menstrual onset within 14 days. Continue routine cycle tracking.,Synthetic public-demo ARHI value for research dashboard demonstration only; not a clinical score.,Synthetic demonstration of a possible menstrual onset within 14 days.,Not supported
DEMO_04,20,1,56.1257,50.0,50.0,50.0,52.144,Moderate-High,Routine cycle preparation,Synthetic demo output: possible menstrual onset within 14 days. Continue routine cycle tracking.,Synthetic public-demo ARHI value for research dashboard demonstration only; not a clinical score.,Synthetic demonstration of a possible menstrual onset within 14 days.,Not supported
DEMO_05,1,0,48.2554,50.0,50.0,50.0,49.3894,Moderate-High,Continue monitoring,Synthetic demo output: no predicted onset within 14 days. Continue routine monitoring.,Synthetic public-demo ARHI value for research dashboard demonstration only; not a clinical score.,Synthetic demonstration of continued monitoring without a predicted onset within 14 days.,Not supported
DEMO_05,2,0,44.0985,50.0,50.0,50.0,47.9345,Moderate-High,Continue monitoring,Synthetic demo output: no predicted onset within 14 days. Continue routine monitoring.,Synthetic public-demo ARHI value for research dashboard demonstration only; not a clinical score.,Synthetic demonstration of continued monitoring without a predicted onset within 14 days.,Not supported
DEMO_05,3,1,50.6309,50.0,50.0,50.0,50.2208,Moderate-High,Routine cycle preparation,Synthetic demo output: possible menstrual onset within 14 days. Continue routine cycle tracking.,Synthetic public-demo ARHI value for research dashboard demonstration only; not a clinical score.,Synthetic demonstration of a possible menstrual onset within 14 days.,Not supported
DEMO_05,4,1,55.9425,50.0,50.0,50.0,52.0799,Moderate-High,Routine cycle preparation,Synthetic demo output: possible menstrual onset within 14 days. Continue routine cycle tracking.,Synthetic public-demo ARHI value for research dashboard demonstration only; not a clinical score.,Synthetic demonstration of a possible menstrual onset within 14 days.,Not supported
DEMO_05,5,1,55.9504,50.0,50.0,50.0,52.0826,Moderate-High,Routine cycle preparation,Synthetic demo output: possible menstrual onset within 14 days. Continue routine cycle tracking.,Synthetic public-demo ARHI value for research dashboard demonstration only; not a clinical score.,Synthetic demonstration of a possible menstrual onset within 14 days.,Not supported
DEMO_05,6,1,56.6679,50.0,50.0,50.0,52.3338,Moderate-High,Routine cycle preparation,Synthetic demo output: possible menstrual onset within 14 days. Continue routine cycle tracking.,Synthetic public-demo ARHI value for research dashboard demonstration only; not a clinical score.,Synthetic demonstration of a possible menstrual onset within 14 days.,Not supported
DEMO_05,7,0,48.3224,50.0,50.0,50.0,49.4129,Moderate-High,Continue monitoring,Synthetic demo output: no predicted onset within 14 days. Continue routine monitoring.,Synthetic public-demo ARHI value for research dashboard demonstration only; not a clinical score.,Synthetic demonstration of continued monitoring without a predicted onset within 14 days.,Not supported
DEMO_05,8,0,42.5342,50.0,50.0,50.0,47.387,Moderate-High,Continue monitoring,Synthetic demo output: no predicted onset within 14 days. Continue routine monitoring.,Synthetic public-demo ARHI value for research dashboard demonstration only; not a clinical score.,Synthetic demonstration of continued monitoring without a predicted onset within 14 days.,Not supported
DEMO_05,9,0,41.489,50.0,50.0,50.0,47.0211,Moderate-High,Continue monitoring,Synthetic demo output: no predicted onset within 14 days. Continue routine monitoring.,Synthetic public-demo ARHI value for research dashboard demonstration only; not a clinical score.,Synthetic demonstration of continued monitoring without a predicted onset within 14 days.,Not supported
DEMO_05,10,0,24.6478,50.0,50.0,50.0,41.1267,Moderate-Low,Continue monitoring,Synthetic demo output: no predicted onset within 14 days. Continue routine monitoring.,Synthetic public-demo ARHI value for research dashboard demonstration only; not a clinical score.,Synthetic demonstration of continued monitoring without a predicted onset within 14 days.,Not supported
DEMO_05,11,0,22.8411,50.0,50.0,50.0,40.4944,Moderate-Low,Continue monitoring,Synthetic demo output: no predicted onset within 14 days. Continue routine monitoring.,Synthetic public-demo ARHI value for research dashboard demonstration only; not a clinical score.,Synthetic demonstration of continued monitoring without a predicted onset within 14 days.,Not supported
DEMO_05,12,0,20.7701,50.0,50.0,50.0,39.7695,Moderate-Low,Continue monitoring,Synthetic demo output: no predicted onset within 14 days. Continue routine monitoring.,Synthetic public-demo ARHI value for research dashboard demonstration only; not a clinical score.,Synthetic demonstration of continued monitoring without a predicted onset within 14 days.,Not supported
DEMO_05,13,0,21.3071,50.0,50.0,50.0,39.9575,Moderate-Low,Continue monitoring,Synthetic demo output: no predicted onset within 14 days. Continue routine monitoring.,Synthetic public-demo ARHI value for research dashboard demonstration only; not a clinical score.,Synthetic demonstration of continued monitoring without a predicted onset within 14 days.,Not supported
DEMO_05,14,0,31.644,50.0,50.0,50.0,43.5754,Moderate-Low,Continue monitoring,Synthetic demo output: no predicted onset within 14 days. Continue routine monitoring.,Synthetic public-demo ARHI value for research dashboard demonstration only; not a clinical score.,Synthetic demonstration of continued monitoring without a predicted onset within 14 days.,Not supported
DEMO_05,15,0,21.6824,50.0,50.0,50.0,40.0888,Moderate-Low,Continue monitoring,Synthetic demo output: no predicted onset within 14 days. Continue routine monitoring.,Synthetic public-demo ARHI value for research dashboard demonstration only; not a clinical score.,Synthetic demonstration of continued monitoring without a predicted onset within 14 days.,Not supported
DEMO_05,16,0,27.648,50.0,50.0,50.0,42.1768,Moderate-Low,Continue monitoring,Synthetic demo output: no predicted onset within 14 days. Continue routine monitoring.,Synthetic public-demo ARHI value for research dashboard demonstration only; not a clinical score.,Synthetic demonstration of continued monitoring without a predicted onset within 14 days.,Not supported
DEMO_05,17,0,43.8887,50.0,50.0,50.0,47.8611,Moderate-High,Continue monitoring,Synthetic demo output: no predicted onset within 14 days. Continue routine monitoring.,Synthetic public-demo ARHI value for research dashboard demonstration only; not a clinical score.,Synthetic demonstration of continued monitoring without a predicted onset within 14 days.,Not supported
DEMO_05,18,0,34.2302,50.0,50.0,50.0,44.4806,Moderate-Low,Continue monitoring,Synthetic demo output: no predicted onset within 14 days. Continue routine monitoring.,Synthetic public-demo ARHI value for research dashboard demonstration only; not a clinical score.,Synthetic demonstration of continued monitoring without a predicted onset within 14 days.,Not supported
DEMO_05,19,0,46.9349,50.0,50.0,50.0,48.9272,Moderate-High,Continue monitoring,Synthetic demo output: no predicted onset within 14 days. Continue routine monitoring.,Synthetic public-demo ARHI value for research dashboard demonstration only; not a clinical score.,Synthetic demonstration of continued monitoring without a predicted onset within 14 days.,Not supported
DEMO_05,20,0,37.4542,50.0,50.0,50.0,45.609,Moderate-High,Continue monitoring,Synthetic demo output: no predicted onset within 14 days. Continue routine monitoring.,Synthetic public-demo ARHI value for research dashboard demonstration only; not a clinical score.,Synthetic demonstration of continued monitoring without a predicted onset within 14 days.,Not supported
DEMO_06,1,0,44.6827,50.0,50.0,50.0,48.1389,Moderate-High,Continue monitoring,Synthetic demo output: no predicted onset within 14 days. Continue routine monitoring.,Synthetic public-demo ARHI value for research dashboard demonstration only; not a clinical score.,Synthetic demonstration of continued monitoring without a predicted onset within 14 days.,Not supported
DEMO_06,2,1,53.0647,50.0,50.0,50.0,51.0726,Moderate-High,Routine cycle preparation,Synthetic demo output: possible menstrual onset within 14 days. Continue routine cycle tracking.,Synthetic public-demo ARHI value for research dashboard demonstration only; not a clinical score.,Synthetic demonstration of a possible menstrual onset within 14 days.,Not supported
DEMO_06,3,1,65.1766,50.0,50.0,50.0,55.3118,Moderate-High,Routine cycle preparation,Synthetic demo output: possible menstrual onset within 14 days. Continue routine cycle tracking.,Synthetic public-demo ARHI value for research dashboard demonstration only; not a clinical score.,Synthetic demonstration of a possible menstrual onset within 14 days.,Not supported
DEMO_06,4,0,46.2012,50.0,50.0,50.0,48.6704,Moderate-High,Continue monitoring,Synthetic demo output: no predicted onset within 14 days. Continue routine monitoring.,Synthetic public-demo ARHI value for research dashboard demonstration only; not a clinical score.,Synthetic demonstration of continued monitoring without a predicted onset within 14 days.,Not supported
DEMO_06,5,1,63.7768,50.0,50.0,50.0,54.8219,Moderate-High,Routine cycle preparation,Synthetic demo output: possible menstrual onset within 14 days. Continue routine cycle tracking.,Synthetic public-demo ARHI value for research dashboard demonstration only; not a clinical score.,Synthetic demonstration of a possible menstrual onset within 14 days.,Not supported
DEMO_06,6,1,61.17,50.0,50.0,50.0,53.9095,Moderate-High,Routine cycle preparation,Synthetic demo output: possible menstrual onset within 14 days. Continue routine cycle tracking.,Synthetic public-demo ARHI value for research dashboard demonstration only; not a clinical score.,Synthetic demonstration of a possible menstrual onset within 14 days.,Not supported
DEMO_06,7,1,52.2803,50.0,50.0,50.0,50.7981,Moderate-High,Routine cycle preparation,Synthetic demo output: possible menstrual onset within 14 days. Continue routine cycle tracking.,Synthetic public-demo ARHI value for research dashboard demonstration only; not a clinical score.,Synthetic demonstration of a possible menstrual onset within 14 days.,Not supported
DEMO_06,8,0,42.2753,50.0,50.0,50.0,47.2964,Moderate-High,Continue monitoring,Synthetic demo output: no predicted onset within 14 days. Continue routine monitoring.,Synthetic public-demo ARHI value for research dashboard demonstration only; not a clinical score.,Synthetic demonstration of continued monitoring without a predicted onset within 14 days.,Not supported
DEMO_06,9,1,50.627,50.0,50.0,50.0,50.2194,Moderate-High,Routine cycle preparation,Synthetic demo output: possible menstrual onset within 14 days. Continue routine cycle tracking.,Synthetic public-demo ARHI value for research dashboard demonstration only; not a clinical score.,Synthetic demonstration of a possible menstrual onset within 14 days.,Not supported
DEMO_06,10,0,41.8337,50.0,50.0,50.0,47.1418,Moderate-High,Continue monitoring,Synthetic demo output: no predicted onset within 14 days. Continue routine monitoring.,Synthetic public-demo ARHI value for research dashboard demonstration only; not a clinical score.,Synthetic demonstration of continued monitoring without a predicted onset within 14 days.,Not supported
DEMO_06,11,0,44.2026,50.0,50.0,50.0,47.9709,Moderate-High,Continue monitoring,Synthetic demo output: no predicted onset within 14 days. Continue routine monitoring.,Synthetic public-demo ARHI value for research dashboard demonstration only; not a clinical score.,Synthetic demonstration of continued monitoring without a predicted onset within 14 days.,Not supported
DEMO_06,12,0,39.4497,50.0,50.0,50.0,46.3074,Moderate-High,Continue monitoring,Synthetic demo output: no predicted onset within 14 days. Continue routine monitoring.,Synthetic public-demo ARHI value for research dashboard demonstration only; not a clinical score.,Synthetic demonstration of continued monitoring without a predicted onset within 14 days.,Not supported
DEMO_06,13,1,50.0226,50.0,50.0,50.0,50.0079,Moderate-High,Routine cycle preparation,Synthetic demo output: possible menstrual onset within 14 days. Continue routine cycle tracking.,Synthetic public-demo ARHI value for research dashboard demonstration only; not a clinical score.,Synthetic demonstration of a possible menstrual onset within 14 days.,Not supported
DEMO_06,14,0,34.4542,50.0,50.0,50.0,44.559,Moderate-Low,Continue monitoring,Synthetic demo output: no predicted onset within 14 days. Continue routine monitoring.,Synthetic public-demo ARHI value for research dashboard demonstration only; not a clinical score.,Synthetic demonstration of continued monitoring without a predicted onset within 14 days.,Not supported
DEMO_06,15,0,28.6614,50.0,50.0,50.0,42.5315,Moderate-Low,Continue monitoring,Synthetic demo output: no predicted onset within 14 days. Continue routine monitoring.,Synthetic public-demo ARHI value for research dashboard demonstration only; not a clinical score.,Synthetic demonstration of continued monitoring without a predicted onset within 14 days.,Not supported
DEMO_06,16,0,40.0308,50.0,50.0,50.0,46.5108,Moderate-High,Continue monitoring,Synthetic demo output: no predicted onset within 14 days. Continue routine monitoring.,Synthetic public-demo ARHI value for research dashboard demonstration only; not a clinical score.,Synthetic demonstration of continued monitoring without a predicted onset within 14 days.,Not supported
DEMO_06,17,0,43.1781,50.0,50.0,50.0,47.6123,Moderate-High,Continue monitoring,Synthetic demo output: no predicted onset within 14 days. Continue routine monitoring.,Synthetic public-demo ARHI value for research dashboard demonstration only; not a clinical score.,Synthetic demonstration of continued monitoring without a predicted onset within 14 days.,Not supported
DEMO_06,18,1,55.877,50.0,50.0,50.0,52.057,Moderate-High,Routine cycle preparation,Synthetic demo output: possible menstrual onset within 14 days. Continue routine cycle tracking.,Synthetic public-demo ARHI value for research dashboard demonstration only; not a clinical score.,Synthetic demonstration of a possible menstrual onset within 14 days.,Not supported
DEMO_06,19,1,55.6389,50.0,50.0,50.0,51.9736,Moderate-High,Routine cycle preparation,Synthetic demo output: possible menstrual onset within 14 days. Continue routine cycle tracking.,Synthetic public-demo ARHI value for research dashboard demonstration only; not a clinical score.,Synthetic demonstration of a possible menstrual onset within 14 days.,Not supported
DEMO_06,20,1,55.7013,50.0,50.0,50.0,51.9954,Moderate-High,Routine cycle preparation,Synthetic demo output: possible menstrual onset within 14 days. Continue routine cycle tracking.,Synthetic public-demo ARHI value for research dashboard demonstration only; not a clinical score.,Synthetic demonstration of a possible menstrual onset within 14 days.,Not supported
DEMO_07,1,1,56.1227,50.0,50.0,50.0,52.1429,Moderate-High,Routine cycle preparation,Synthetic demo output: possible menstrual onset within 14 days. Continue routine cycle tracking.,Synthetic public-demo ARHI value for research dashboard demonstration only; not a clinical score.,Synthetic demonstration of a possible menstrual onset within 14 days.,Not supported
DEMO_07,2,1,64.0088,50.0,50.0,50.0,54.9031,Moderate-High,Routine cycle preparation,Synthetic demo output: possible menstrual onset within 14 days. Continue routine cycle tracking.,Synthetic public-demo ARHI value for research dashboard demonstration only; not a clinical score.,Synthetic demonstration of a possible menstrual onset within 14 days.,Not supported
DEMO_07,3,1,64.3915,50.0,50.0,50.0,55.037,Moderate-High,Routine cycle preparation,Synthetic demo output: possible menstrual onset within 14 days. Continue routine cycle tracking.,Synthetic public-demo ARHI value for research dashboard demonstration only; not a clinical score.,Synthetic demonstration of a possible menstrual onset within 14 days.,Not supported
DEMO_07,4,1,70.2512,50.0,50.0,50.0,57.0879,Moderate-High,Routine cycle preparation,Synthetic demo output: possible menstrual onset within 14 days. Continue routine cycle tracking.,Synthetic public-demo ARHI value for research dashboard demonstration only; not a clinical score.,Synthetic demonstration of a possible menstrual onset within 14 days.,Not supported
DEMO_07,5,1,62.6378,50.0,50.0,50.0,54.4232,Moderate-High,Routine cycle preparation,Synthetic demo output: possible menstrual onset within 14 days. Continue routine cycle tracking.,Synthetic public-demo ARHI value for research dashboard demonstration only; not a clinical score.,Synthetic demonstration of a possible menstrual onset within 14 days.,Not supported
DEMO_07,6,1,77.6992,50.0,50.0,50.0,59.6947,Moderate-High,Routine cycle preparation,Synthetic demo output: possible menstrual onset within 14 days. Continue routine cycle tracking.,Synthetic public-demo ARHI value for research dashboard demonstration only; not a clinical score.,Synthetic demonstration of a possible menstrual onset within 14 days.,Not supported
DEMO_07,7,1,68.6057,50.0,50.0,50.0,56.512,Moderate-High,Routine cycle preparation,Synthetic demo output: possible menstrual onset within 14 days. Continue routine cycle tracking.,Synthetic public-demo ARHI value for research dashboard demonstration only; not a clinical score.,Synthetic demonstration of a possible menstrual onset within 14 days.,Not supported
DEMO_07,8,1,55.4272,50.0,50.0,50.0,51.8995,Moderate-High,Routine cycle preparation,Synthetic demo output: possible menstrual onset within 14 days. Continue routine cycle tracking.,Synthetic public-demo ARHI value for research dashboard demonstration only; not a clinical score.,Synthetic demonstration of a possible menstrual onset within 14 days.,Not supported
DEMO_07,9,1,55.2752,50.0,50.0,50.0,51.8463,Moderate-High,Routine cycle preparation,Synthetic demo output: possible menstrual onset within 14 days. Continue routine cycle tracking.,Synthetic public-demo ARHI value for research dashboard demonstration only; not a clinical score.,Synthetic demonstration of a possible menstrual onset within 14 days.,Not supported
DEMO_07,10,1,61.9277,50.0,50.0,50.0,54.1747,Moderate-High,Routine cycle preparation,Synthetic demo output: possible menstrual onset within 14 days. Continue routine cycle tracking.,Synthetic public-demo ARHI value for research dashboard demonstration only; not a clinical score.,Synthetic demonstration of a possible menstrual onset within 14 days.,Not supported
DEMO_07,11,1,62.3961,50.0,50.0,50.0,54.3386,Moderate-High,Routine cycle preparation,Synthetic demo output: possible menstrual onset within 14 days. Continue routine cycle tracking.,Synthetic public-demo ARHI value for research dashboard demonstration only; not a clinical score.,Synthetic demonstration of a possible menstrual onset within 14 days.,Not supported
DEMO_07,12,1,68.5986,50.0,50.0,50.0,56.5095,Moderate-High,Routine cycle preparation,Synthetic demo output: possible menstrual onset within 14 days. Continue routine cycle tracking.,Synthetic public-demo ARHI value for research dashboard demonstration only; not a clinical score.,Synthetic demonstration of a possible menstrual onset within 14 days.,Not supported
DEMO_07,13,1,73.8691,50.0,50.0,50.0,58.3542,Moderate-High,Routine cycle preparation,Synthetic demo output: possible menstrual onset within 14 days. Continue routine cycle tracking.,Synthetic public-demo ARHI value for research dashboard demonstration only; not a clinical score.,Synthetic demonstration of a possible menstrual onset within 14 days.,Not supported
DEMO_07,14,1,53.0342,50.0,50.0,50.0,51.062,Moderate-High,Routine cycle preparation,Synthetic demo output: possible menstrual onset within 14 days. Continue routine cycle tracking.,Synthetic public-demo ARHI value for research dashboard demonstration only; not a clinical score.,Synthetic demonstration of a possible menstrual onset within 14 days.,Not supported
DEMO_07,15,0,42.283,50.0,50.0,50.0,47.2991,Moderate-High,Continue monitoring,Synthetic demo output: no predicted onset within 14 days. Continue routine monitoring.,Synthetic public-demo ARHI value for research dashboard demonstration only; not a clinical score.,Synthetic demonstration of continued monitoring without a predicted onset within 14 days.,Not supported
DEMO_07,16,0,34.8901,50.0,50.0,50.0,44.7115,Moderate-Low,Continue monitoring,Synthetic demo output: no predicted onset within 14 days. Continue routine monitoring.,Synthetic public-demo ARHI value for research dashboard demonstration only; not a clinical score.,Synthetic demonstration of continued monitoring without a predicted onset within 14 days.,Not supported
DEMO_07,17,1,56.9097,50.0,50.0,50.0,52.4184,Moderate-High,Routine cycle preparation,Synthetic demo output: possible menstrual onset within 14 days. Continue routine cycle tracking.,Synthetic public-demo ARHI value for research dashboard demonstration only; not a clinical score.,Synthetic demonstration of a possible menstrual onset within 14 days.,Not supported
DEMO_07,18,1,51.8499,50.0,50.0,50.0,50.6475,Moderate-High,Routine cycle preparation,Synthetic demo output: possible menstrual onset within 14 days. Continue routine cycle tracking.,Synthetic public-demo ARHI value for research dashboard demonstration only; not a clinical score.,Synthetic demonstration of a possible menstrual onset within 14 days.,Not supported
DEMO_07,19,1,58.9851,50.0,50.0,50.0,53.1448,Moderate-High,Routine cycle preparation,Synthetic demo output: possible menstrual onset within 14 days. Continue routine cycle tracking.,Synthetic public-demo ARHI value for research dashboard demonstration only; not a clinical score.,Synthetic demonstration of a possible menstrual onset within 14 days.,Not supported
DEMO_07,20,1,61.2995,50.0,50.0,50.0,53.9548,Moderate-High,Routine cycle preparation,Synthetic demo output: possible menstrual onset within 14 days. Continue routine cycle tracking.,Synthetic public-demo ARHI value for research dashboard demonstration only; not a clinical score.,Synthetic demonstration of a possible menstrual onset within 14 days.,Not supported
DEMO_08,1,1,61.3279,50.0,50.0,50.0,53.9647,Moderate-High,Routine cycle preparation,Synthetic demo output: possible menstrual onset within 14 days. Continue routine cycle tracking.,Synthetic public-demo ARHI value for research dashboard demonstration only; not a clinical score.,Synthetic demonstration of a possible menstrual onset within 14 days.,Not supported
DEMO_08,2,1,57.5505,50.0,50.0,50.0,52.6427,Moderate-High,Routine cycle preparation,Synthetic demo output: possible menstrual onset within 14 days. Continue routine cycle tracking.,Synthetic public-demo ARHI value for research dashboard demonstration only; not a clinical score.,Synthetic demonstration of a possible menstrual onset within 14 days.,Not supported
DEMO_08,3,1,57.7022,50.0,50.0,50.0,52.6958,Moderate-High,Routine cycle preparation,Synthetic demo output: possible menstrual onset within 14 days. Continue routine cycle tracking.,Synthetic public-demo ARHI value for research dashboard demonstration only; not a clinical score.,Synthetic demonstration of a possible menstrual onset within 14 days.,Not supported
DEMO_08,4,1,52.2517,50.0,50.0,50.0,50.7881,Moderate-High,Routine cycle preparation,Synthetic demo output: possible menstrual onset within 14 days. Continue routine cycle tracking.,Synthetic public-demo ARHI value for research dashboard demonstration only; not a clinical score.,Synthetic demonstration of a possible menstrual onset within 14 days.,Not supported
DEMO_08,5,0,47.4211,50.0,50.0,50.0,49.0974,Moderate-High,Continue monitoring,Synthetic demo output: no predicted onset within 14 days. Continue routine monitoring.,Synthetic public-demo ARHI value for research dashboard demonstration only; not a clinical score.,Synthetic demonstration of continued monitoring without a predicted onset within 14 days.,Not supported
DEMO_08,6,1,55.8948,50.0,50.0,50.0,52.0632,Moderate-High,Routine cycle preparation,Synthetic demo output: possible menstrual onset within 14 days. Continue routine cycle tracking.,Synthetic public-demo ARHI value for research dashboard demonstration only; not a clinical score.,Synthetic demonstration of a possible menstrual onset within 14 days.,Not supported
DEMO_08,7,1,57.1204,50.0,50.0,50.0,52.4922,Moderate-High,Routine cycle preparation,Synthetic demo output: possible menstrual onset within 14 days. Continue routine cycle tracking.,Synthetic public-demo ARHI value for research dashboard demonstration only; not a clinical score.,Synthetic demonstration of a possible menstrual onset within 14 days.,Not supported
DEMO_08,8,1,68.5044,50.0,50.0,50.0,56.4765,Moderate-High,Routine cycle preparation,Synthetic demo output: possible menstrual onset within 14 days. Continue routine cycle tracking.,Synthetic public-demo ARHI value for research dashboard demonstration only; not a clinical score.,Synthetic demonstration of a possible menstrual onset within 14 days.,Not supported
DEMO_08,9,1,51.6093,50.0,50.0,50.0,50.5633,Moderate-High,Routine cycle preparation,Synthetic demo output: possible menstrual onset within 14 days. Continue routine cycle tracking.,Synthetic public-demo ARHI value for research dashboard demonstration only; not a clinical score.,Synthetic demonstration of a possible menstrual onset within 14 days.,Not supported
DEMO_08,10,1,54.4488,50.0,50.0,50.0,51.5571,Moderate-High,Routine cycle preparation,Synthetic demo output: possible menstrual onset within 14 days. Continue routine cycle tracking.,Synthetic public-demo ARHI value for research dashboard demonstration only; not a clinical score.,Synthetic demonstration of a possible menstrual onset within 14 days.,Not supported
DEMO_08,11,0,38.864,50.0,50.0,50.0,46.1024,Moderate-High,Continue monitoring,Synthetic demo output: no predicted onset within 14 days. Continue routine monitoring.,Synthetic public-demo ARHI value for research dashboard demonstration only; not a clinical score.,Synthetic demonstration of continued monitoring without a predicted onset within 14 days.,Not supported
DEMO_08,12,0,30.3125,50.0,50.0,50.0,43.1094,Moderate-Low,Continue monitoring,Synthetic demo output: no predicted onset within 14 days. Continue routine monitoring.,Synthetic public-demo ARHI value for research dashboard demonstration only; not a clinical score.,Synthetic demonstration of continued monitoring without a predicted onset within 14 days.,Not supported
DEMO_08,13,0,30.0046,50.0,50.0,50.0,43.0016,Moderate-Low,Continue monitoring,Synthetic demo output: no predicted onset within 14 days. Continue routine monitoring.,Synthetic public-demo ARHI value for research dashboard demonstration only; not a clinical score.,Synthetic demonstration of continued monitoring without a predicted onset within 14 days.,Not supported
DEMO_08,14,0,31.0844,50.0,50.0,50.0,43.3795,Moderate-Low,Continue monitoring,Synthetic demo output: no predicted onset within 14 days. Continue routine monitoring.,Synthetic public-demo ARHI value for research dashboard demonstration only; not a clinical score.,Synthetic demonstration of continued monitoring without a predicted onset within 14 days.,Not supported
DEMO_08,15,1,54.3943,50.0,50.0,50.0,51.538,Moderate-High,Routine cycle preparation,Synthetic demo output: possible menstrual onset within 14 days. Continue routine cycle tracking.,Synthetic public-demo ARHI value for research dashboard demonstration only; not a clinical score.,Synthetic demonstration of a possible menstrual onset within 14 days.,Not supported
DEMO_08,16,0,32.5426,50.0,50.0,50.0,43.8899,Moderate-Low,Continue monitoring,Synthetic demo output: no predicted onset within 14 days. Continue routine monitoring.,Synthetic public-demo ARHI value for research dashboard demonstration only; not a clinical score.,Synthetic demonstration of continued monitoring without a predicted onset within 14 days.,Not supported
DEMO_08,17,0,48.6432,50.0,50.0,50.0,49.5251,Moderate-High,Continue monitoring,Synthetic demo output: no predicted onset within 14 days. Continue routine monitoring.,Synthetic public-demo ARHI value for research dashboard demonstration only; not a clinical score.,Synthetic demonstration of continued monitoring without a predicted onset within 14 days.,Not supported
DEMO_08,18,0,38.2973,50.0,50.0,50.0,45.904,Moderate-High,Continue monitoring,Synthetic demo output: no predicted onset within 14 days. Continue routine monitoring.,Synthetic public-demo ARHI value for research dashboard demonstration only; not a clinical score.,Synthetic demonstration of continued monitoring without a predicted onset within 14 days.,Not supported
DEMO_08,19,1,56.9278,50.0,50.0,50.0,52.4247,Moderate-High,Routine cycle preparation,Synthetic demo output: possible menstrual onset within 14 days. Continue routine cycle tracking.,Synthetic public-demo ARHI value for research dashboard demonstration only; not a clinical score.,Synthetic demonstration of a possible menstrual onset within 14 days.,Not supported
DEMO_08,20,1,56.4431,50.0,50.0,50.0,52.2551,Moderate-High,Routine cycle preparation,Synthetic demo output: possible menstrual onset within 14 days. Continue routine cycle tracking.,Synthetic public-demo ARHI value for research dashboard demonstration only; not a clinical score.,Synthetic demonstration of a possible menstrual onset within 14 days.,Not supported
